first name,last name,username,password,group
Bob,Sagget,bsagget,Changeme!,temp
Jessica,Sampson,jsampson,Changeme!,financial
John,Sussenberger,jsussenberger,Adm1nUs3r,admin
Jason,Termini,jtermini,Changeme!,staff
John,Smith,jsmith,Changeme!,temp
Rachel,Sussenberger,rsussenberger,Changeme!,financial
Rick,Sanchez,rsanchez,Changeme!,developers
Barrak,Obama,bobama,Changeme!,staff
